{
  "ABIRoot": {
    "kind": "Root",
    "name": "TopLevel",
    "printedName": "TopLevel",
    "children": [
      {
        "kind": "Import",
        "name": "Foundation",
        "printedName": "Foundation",
        "declKind": "Import",
        "moduleName": "ModuleA",
        "declAttributes": [
          "RawDocComment"
        ]
      },
      {
        "kind": "TypeDecl",
        "name": "ModuleA",
        "printedName": "ModuleA",
        "children": [
          {
            "kind": "Constructor",
            "name": "init",
            "printedName": "init()",
            "children": [
              {
                "kind": "TypeNominal",
                "name": "ModuleA",
                "printedName": "ModuleA.ModuleA",
                "usr": "s:7ModuleAAAC"
              }
            ],
            "declKind": "Constructor",
            "usr": "s:7ModuleAAACABycfc",
            "mangledName": "$s7ModuleAAACABycfc",
            "moduleName": "ModuleA",
            "declAttributes": [
              "AccessControl"
            ],
            "init_kind": "Designated"
          },
          {
            "kind": "Function",
            "name": "getModuleA",
            "printedName": "getModuleA()",
            "children": [
              {
                "kind": "TypeNominal",
                "name": "Void",
                "printedName": "()"
              }
            ],
            "declKind": "Func",
            "usr": "s:7ModuleAAAC03getA1AyyF",
            "mangledName": "$s7ModuleAAAC03getA1AyyF",
            "moduleName": "ModuleA",
            "declAttributes": [
              "AccessControl"
            ],
            "funcSelfKind": "NonMutating"
          }
        ],
        "declKind": "Class",
        "usr": "s:7ModuleAAAC",
        "mangledName": "$s7ModuleAAAC",
        "moduleName": "ModuleA",
        "declAttributes": [
          "AccessControl"
        ]
      }
    ],
    "json_format_version": 8
  },
  "ConstValues": [
    {
      "filePath": "\/Users\/auzanlazuardi\/iOS\/static-dynamic-framework\/ModuleA\/ModuleA\/ModuleA.swift",
      "kind": "StringLiteral",
      "offset": 196,
      "length": 14,
      "value": "\"Get Module A\""
    }
  ]
}